lastUpdated,title,url
" This page was last edited on 1 January 2021, at 17:28",Kevin Bacon,https://en.wikipedia.org/wiki/Kevin_Bacon
" This page was last edited on 19 November 2020, at 18:59", (TV series),https://en.wikipedia.org/wiki/I_Love_Dick_(TV_series)
" This page was last edited on 3 November 2020, at 00:55",Sosie Bacon,https://en.wikipedia.org/wiki/Sosie_Bacon
" This page was last edited on 31 December 2020, at 04:18",Primetime Emmy Award,https://en.wikipedia.org/wiki/Primetime_Emmy_Award
" This page was last edited on 7 December 2020, at 10:10",Kyra Sedgwick,https://en.wikipedia.org/wiki/Kyra_Sedgwick
" This page was last edited on 11 April 2020, at 17:44",Kevin Bacon (disambiguation),https://en.wikipedia.org/wiki/Kevin_Bacon_(disambiguation)
" This page was last edited on 2 January 2021, at 16:21",Screen Actors Guild Awards,https://en.wikipedia.org/wiki/Screen_Actors_Guild_Award
" This page was last edited on 29 December 2020, at 20:37",[<Selector xpath='//h1/i/text()' data='Taking Chance'>],https://en.wikipedia.org/wiki/Taking_Chance
" This page was last edited on 27 December 2020, at 01:56",Philadelphia,"https://en.wikipedia.org/wiki/Philadelphia,_Pennsylvania"
" This page was last edited on 22 November 2020, at 22:11",Golden Globe Award for Best Actor â€“ Television Series Musical or Comedy,https://en.wikipedia.org/wiki/Golden_Globe_Award_for_Best_Actor_%E2%80%93_Television_Series_Musical_or_Comedy
" This page was last edited on 27 December 2020, at 23:34",Golden Globe Awards,https://en.wikipedia.org/wiki/Golden_Globe_Award
" This page was last edited on 28 December 2020, at 04:05",Academy Awards,https://en.wikipedia.org/wiki/Academy_Award
" This page was last edited on 6 December 2020, at 17:23",[<Selector xpath='//h1/i/text()' data='The Following'>],https://en.wikipedia.org/wiki/The_Following
" This page was last edited on 3 January 2021, at 12:54",[<Selector xpath='//h1/i/text()' data='The Guardian'>],https://en.wikipedia.org/wiki/The_Guardian
" This page was last edited on 3 January 2021, at 00:49",HBO,https://en.wikipedia.org/wiki/HBO
" This page was last edited on 3 January 2021, at 09:37",[<Selector xpath='//h1/i/text()' data='Access Hollywood'>],https://en.wikipedia.org/wiki/Access_Hollywood
" This page was last edited on 18 October 2020, at 22:34",Amazon Studios,https://en.wikipedia.org/wiki/Amazon_Studios
" This page was last edited on 19 December 2020, at 17:46",Fox Broadcasting Company,https://en.wikipedia.org/wiki/Fox_Broadcasting_Company
" This page was last edited on 28 December 2020, at 16:28",Bucknell University,https://en.wikipedia.org/wiki/Bucknell_University
" This page was last edited on 27 December 2020, at 15:26",Joey Soloway,https://en.wikipedia.org/wiki/Jill_Soloway
" This page was last edited on 2 December 2020, at 23:10",Single-camera setup,https://en.wikipedia.org/wiki/Single-camera
" This page was last edited on 3 January 2021, at 04:31",Roberta Colindrez,https://en.wikipedia.org/wiki/Roberta_Colindrez
